年月,診療日数,月間総売上,保険診療売上,自費診療売上,物販売上,外来保険売上,訪問保険売上,介護売上,総患者数,総来院回数,初診件数,レセプト枚数,予約総件数,来院予約件数,キャンセル件数,キャンセル率,1診療日あたり売上,1来院あたり売上,1患者あたり売上,close_status,未取得区分
2019-11,25,9464785.0,7521620.0,1803300.0,139865.0,7008150.0,513470.0,0.0,611.0,964.0,43.0,877.0,1093,986,107,9.8,378591,9818,15491,finalized,
2019-12,25,12140746.0,7471130.0,4532200.0,137416.0,6945490.0,525640.0,0.0,674.0,1034.0,33.0,897.0,1140,995,144,12.6,485630,11742,18013,finalized,
2020-01,23,11126580.0,7305530.0,3680300.0,140750.0,6697340.0,608190.0,0.0,621.0,986.0,30.0,898.0,1085,1001,84,7.7,483764,11285,17917,finalized,
2020-02,23,11873685.0,7506250.0,4118400.0,249035.0,6912020.0,594230.0,0.0,657.0,1030.0,32.0,907.0,1136,1015,122,10.7,516247,11528,18073,finalized,
2020-03,25,12948913.0,8304490.0,4425300.0,219123.0,7692010.0,612480.0,0.0,696.0,1133.0,35.0,1004.0,1309,1108,201,15.4,517957,11429,18605,finalized,
2020-04,25,11186974.0,6993550.0,4046900.0,146524.0,6309470.0,684080.0,0.0,542.0,954.0,46.0,840.0,1158,947,212,18.3,447479,11726,20640,finalized,
2020-05,19,8903888.0,6040760.0,2736800.0,126328.0,5416310.0,624450.0,0.0,498.0,761.0,26.0,667.0,879,742,137,15.6,468626,11700,17879,finalized,
2020-06,27,11546974.0,8722250.0,2677950.0,146774.0,8117420.0,604830.0,0.0,634.0,1103.0,60.0,1003.0,1265,1121,144,11.4,427666,10469,18213,finalized,
2020-07,25,12035178.0,9081890.0,2814900.0,138388.0,8324420.0,757470.0,0.0,653.0,1130.0,69.0,1040.0,1323,1157,166,12.5,481407,10651,18431,finalized,
2020-08,23,13273584.0,8341330.0,4778950.0,153304.0,7632310.0,709020.0,0.0,635.0,1058.0,61.0,946.0,1251,1098,153,12.2,577112,12546,20903,finalized,
2020-09,24,12460529.0,8653410.0,3704800.0,102319.0,7949820.0,703590.0,0.0,681.0,1102.0,50.0,998.0,1280,1113,167,13.0,519189,11307,18297,finalized,
2020-10,27,13562926.0,10314220.0,3052500.0,196206.0,9536870.0,777350.0,0.0,782.0,1325.0,46.0,1169.0,1521,1316,205,13.5,502331,10236,17344,finalized,
2020-11,24,13196107.0,8669200.0,4379100.0,147807.0,8090280.0,578920.0,0.0,675.0,1138.0,49.0,1015.0,1356,1156,204,15.0,549838,11596,19550,finalized,
2020-12,24,14944536.0,9557420.0,5179900.0,207216.0,8944070.0,613350.0,0.0,793.0,1249.0,47.0,1100.0,1425,1241,186,13.1,622689,11965,18846,finalized,
2021-01,23,10193935.0,8915190.0,1124200.0,154545.0,8309000.0,606190.0,0.0,731.0,1122.0,44.0,1038.0,1347,1146,202,15.0,443215,9086,13945,finalized,
2021-02,22,12970313.0,8635130.0,4176700.0,158483.0,8087350.0,547780.0,0.0,692.0,1113.0,28.0,975.0,1297,1130,167,12.9,589560,11653,18743,finalized,
2021-03,26,14821641.0,10167090.0,4450600.0,203951.0,9499450.0,667640.0,0.0,786.0,1310.0,43.0,1162.0,1536,1313,223,14.5,570063,11314,18857,finalized,
2021-04,25,15112461.0,9889160.0,5010500.0,212801.0,9188130.0,701030.0,0.0,745.0,1242.0,35.0,1077.0,1465,1242,223,15.2,604498,12168,20285,finalized,
2021-05,22,13627197.0,8561500.0,4947800.0,117897.0,7851780.0,709720.0,0.0,664.0,1052.0,36.0,937.0,1286,1082,204,15.9,619418,12954,20523,finalized,
2021-06,26,15798922.0,10148060.0,5426300.0,224562.0,9480460.0,667600.0,0.0,777.0,1309.0,47.0,1170.0,1511,1335,176,11.6,607651,12069,20333,finalized,
2021-07,25,14644364.0,10405160.0,4065600.0,173604.0,9634380.0,770780.0,0.0,785.0,1229.0,38.0,1140.0,1442,1243,199,13.8,585775,11916,18655,finalized,
2021-08,24,14209144.0,9303660.0,4692600.0,212884.0,8443260.0,860400.0,0.0,734.0,1118.0,34.0,1014.0,1333,1119,215,16.1,592048,12709,19359,finalized,
2021-09,24,14433237.0,9870780.0,4090900.0,471557.0,9027540.0,843240.0,0.0,740.0,1215.0,42.0,1097.0,1358,1197,161,11.9,601385,11879,19504,finalized,
2021-10,26,13591739.0,10308130.0,3069000.0,214609.0,9331570.0,976560.0,0.0,774.0,1223.0,40.0,1114.0,1416,1229,187,13.2,522759,11113,17560,finalized,
2021-11,24,17152982.0,9545880.0,7451400.0,155702.0,8599490.0,946390.0,0.0,731.0,1176.0,43.0,1062.0,1353,1139,215,15.9,714708,14586,23465,finalized,
2021-12,24,14394626.0,10078100.0,4115100.0,201426.0,9173630.0,904470.0,0.0,779.0,1226.0,31.0,1107.0,1402,1213,189,13.5,599776,11741,18478,finalized,
2022-01,23,15450141.0,9440320.0,5850900.0,158921.0,8491520.0,948800.0,0.0,719.0,1138.0,33.0,1033.0,1328,1119,209,15.7,671745,13577,21488,finalized,
2022-02,22,14218124.0,9201110.0,4859800.0,157214.0,8234210.0,966900.0,0.0,713.0,1108.0,21.0,987.0,1263,1077,189,15.0,646278,12832,19941,finalized,
2022-03,25,16520317.0,8975820.0,7360100.0,184397.0,8117410.0,858410.0,0.0,709.0,1099.0,21.0,965.0,1308,1074,234,17.9,660813,15032,23301,finalized,
2022-04,25,17435637.0,10707990.0,6493300.0,234347.0,9637430.0,1070560.0,0.0,784.0,1250.0,25.0,1138.0,1519,1275,245,16.1,697425,13949,22239,finalized,
2022-05,20,13793712.0,9214440.0,4406600.0,172672.0,8303830.0,910610.0,0.0,668.0,1017.0,29.0,948.0,1206,1016,190,15.8,689686,13563,20649,finalized,
2022-06,26,13663179.0,10540510.0,2926000.0,196669.0,9468860.0,1071650.0,0.0,757.0,1262.0,31.0,1141.0,1456,1246,210,14.4,525507,10827,18049,finalized,
2022-07,25,16928992.0,10583810.0,6169900.0,175282.0,9478650.0,1105160.0,0.0,728.0,1220.0,29.0,1129.0,1491,1249,242,16.2,677160,13876,23254,finalized,
2022-08,24,16348464.0,10519030.0,5611100.0,218334.0,9429210.0,1089820.0,0.0,759.0,1261.0,43.0,1143.0,1442,1227,215,14.9,681186,12965,21539,finalized,
2022-09,24,14471270.0,9917240.0,4383500.0,170530.0,8889520.0,1027720.0,0.0,716.0,1207.0,31.0,1063.0,1365,1157,210,15.4,602970,11989,20211,finalized,
2022-10,25,13499012.0,10184770.0,3143800.0,170442.0,9140280.0,1044490.0,0.0,718.0,1268.0,29.0,1112.0,1454,1212,242,16.6,539960,10646,18801,finalized,
2022-11,23,15384046.0,10317560.0,4873000.0,193486.0,9232670.0,1084890.0,0.0,741.0,1234.0,28.0,1106.0,1426,1181,247,17.3,668872,12467,20761,finalized,
2022-12,24,15620540.0,10467650.0,4952200.0,200690.0,9583210.0,884440.0,0.0,777.0,1269.0,27.0,1087.0,1447,1173,274,18.9,650856,12309,20104,finalized,
2023-01,23,14261723.0,9639190.0,4469300.0,153233.0,8687750.0,951440.0,0.0,697.0,1162.0,28.0,1026.0,1388,1159,229,16.5,620075,12273,20462,finalized,
2023-02,22,14901000.0,9782730.0,4937900.0,180370.0,8771320.0,1011410.0,0.0,716.0,1162.0,40.0,1043.0,1374,1155,219,15.9,677318,12824,20811,finalized,
2023-03,26,17736530.0,10899330.0,6530700.0,306500.0,9793080.0,1106250.0,0.0,800.0,1314.0,27.0,1154.0,1513,1238,278,18.4,682174,13498,22171,finalized,
2023-04,24,12670000.0,9538730.0,2901360.0,229910.0,8406980.0,1131750.0,0.0,681.0,1119.0,25.0,980.0,1258,1045,213,16.9,527917,11323,18605,finalized,
2023-05,24,15309912.0,10720440.0,4262500.0,326972.0,9370350.0,1350090.0,0.0,751.0,1255.0,42.0,1102.0,1406,1167,239,17.0,637913,12199,20386,finalized,
2023-06,26,18574190.0,10919690.0,7485500.0,169000.0,9597130.0,1322560.0,0.0,797.0,1277.0,37.0,1131.0,1443,1204,240,16.6,714392,14545,23305,finalized,
2023-07,25,15842321.0,10622190.0,5012700.0,207431.0,9533690.0,1088500.0,0.0,773.0,1264.0,31.0,1124.0,1421,1211,210,14.8,633693,12533,20495,finalized,
2023-08,24,15147510.0,9994880.0,4923600.0,229030.0,8875000.0,1119880.0,0.0,742.0,1201.0,32.0,1074.0,1401,1175,226,16.1,631146,12612,20414,finalized,
2023-09,23,14630140.0,10069600.0,4266900.0,293640.0,8855760.0,1213840.0,0.0,737.0,1160.0,21.0,1033.0,1270,1066,204,16.1,636093,12612,19851,finalized,
2023-10,26,14767570.0,10708140.0,3787300.0,272130.0,9494350.0,1213790.0,0.0,799.0,1279.0,34.0,1116.0,1389,1170,219,15.8,567983,11546,18483,finalized,
2023-11,24,14999580.0,10726020.0,4022700.0,250860.0,9392290.0,1333730.0,0.0,737.0,1246.0,34.0,1100.0,1360,1158,202,14.9,624982,12038,20352,finalized,
2023-12,24,19571930.0,11394480.0,7910100.0,267350.0,10123310.0,1271170.0,0.0,827.0,1315.0,22.0,1174.0,1488,1234,255,17.1,815497,14884,23666,finalized,
2024-01,22,14481933.0,10522130.0,3741100.0,218703.0,9269490.0,1252640.0,0.0,761.0,1278.0,27.0,1139.0,1361,1147,214,15.7,658270,11332,19030,finalized,
2024-02,23,14451175.0,10645890.0,3616800.0,188485.0,9537730.0,1108160.0,0.0,746.0,1226.0,36.0,1119.0,1348,1140,208,15.4,628312,11787,19372,finalized,
2024-03,25,18145540.0,12517090.0,5402600.0,225850.0,11269680.0,1247410.0,0.0,835.0,1433.0,45.0,1293.0,1597,1357,240,15.0,725822,12663,21731,finalized,
2024-04,25,16162774.0,11155630.0,4757500.0,249644.0,9923000.0,1232630.0,0.0,803.0,1337.0,48.0,1199.0,1527,1284,244,16.0,646511,12089,20128,finalized,
2024-05,25,15968040.0,11173310.0,4581450.0,213280.0,9938080.0,1235230.0,0.0,798.0,1287.0,50.0,1185.0,1487,1257,232,15.6,638722,12407,20010,finalized,
2024-06,26,16528535.0,12627910.0,3568400.0,332225.0,11267500.0,1360410.0,0.0,880.0,1488.0,49.0,1315.0,1668,1393,276,16.5,635713,11108,18782,finalized,
2024-07,26,19155095.0,13394700.0,5500000.0,260395.0,11942900.0,1451800.0,0.0,900.0,1503.0,57.0,1421.0,1847,1559,288,15.6,736734,12745,21283,finalized,
2024-08,24,16814300.0,11962180.0,4576000.0,276120.0,10441660.0,1520520.0,0.0,867.0,1364.0,51.0,1243.0,1655,1356,300,18.1,700596,12327,19394,finalized,
2024-09,22,15584845.0,11794080.0,3549700.0,241065.0,10289220.0,1504860.0,0.0,852.0,1328.0,46.0,1237.0,1577,1292,285,18.1,708402,11736,18292,finalized,
2024-10,26,17856100.0,13612860.0,4009500.0,233740.0,11876950.0,1735910.0,0.0,895.0,1480.0,57.0,1397.0,1873,1501,373,19.9,686773,12065,19951,finalized,
2024-11,23,19580385.0,12482830.0,6808900.0,288655.0,10832340.0,1650490.0,0.0,849.0,1436.0,31.0,1339.0,1686,1419,269,16.0,851321,13635,23063,finalized,
2024-12,24,18243450.0,12837300.0,5154270.0,251880.0,11234410.0,1602890.0,0.0,891.0,1471.0,30.0,1311.0,1640,1330,313,19.1,760144,12402,20475,finalized,
2025-01,23,16931655.0,13792050.0,2904000.0,235605.0,11318980.0,1475860.0,997210.0,860.0,1431.0,26.0,1301.0,1620,1332,288,17.8,736159,11832,19688,finalized,
2025-02,22,16831810.0,13155440.0,3423200.0,253170.0,10736960.0,1424200.0,994280.0,846.0,1374.0,31.0,1260.0,1607,1300,307,19.1,765082,12250,19896,finalized,
2025-03,25,22698140.0,14960830.0,7493200.0,244110.0,12435680.0,1510360.0,1014790.0,979.0,1565.0,54.0,1438.0,1834,1498,337,18.4,907926,14504,23185,finalized,
2025-04,25,19773760.0,14042560.0,5459850.0,271350.0,11439980.0,1551460.0,1051120.0,860.0,1472.0,43.0,1354.0,1662,1415,247,14.9,790950,13433,22993,finalized,
2025-05,24,18821131.0,13672580.0,4934600.0,213951.0,11234930.0,1454140.0,983510.0,845.0,1447.0,36.0,1321.0,1682,1369,313,18.6,784214,13007,22274,finalized,
2025-06,25,18878060.0,13696640.0,4944500.0,236920.0,11418060.0,1298450.0,980130.0,870.0,1455.0,52.0,1330.0,1668,1432,236,14.1,755122,12975,21699,finalized,
2025-07,26,21089380.0,14432940.0,6416300.0,240140.0,12011790.0,1447130.0,974020.0,890.0,1494.0,38.0,1369.0,1650,1414,237,14.4,811130,14116,23696,finalized,
2025-08,23,21805410.0,13393890.0,8131750.0,279770.0,11057460.0,1359740.0,976690.0,891.0,1439.0,37.0,1313.0,1644,1386,258,15.7,948061,15153,24473,finalized,
2025-09,24,19752670.0,13693510.0,5869820.0,189340.0,10992900.0,1667600.0,1033010.0,860.0,1358.0,32.0,1247.0,1511,1266,245,16.2,823028,14545,22968,finalized,
2025-10,26,18065319.0,14507250.0,3319250.0,238819.0,12052710.0,1482470.0,972070.0,902.0,1488.0,38.0,1354.0,1695,1417,278,16.4,694820,12141,20028,finalized,
2025-11,23,20379751.0,13934390.0,6252950.0,192411.0,11261100.0,1674760.0,998530.0,886.0,1380.0,40.0,1258.0,1555,1318,237,15.2,886076,14768,23002,finalized,
2025-12,24,19324449.0,14916080.0,4144954.0,263415.0,12372670.0,1540860.0,1002550.0,968.0,1483.0,25.0,1354.0,1638,1384,254,15.5,805185,13031,19963,finalized,
2026-01,23,20462276.0,14069810.0,6145700.0,246766.0,11739710.0,1462090.0,868010.0,933.0,1437.0,38.0,1312.0,1637,1397,240,14.7,889664,14240,21932,finalized,
2026-02,22,20562140.0,12491870.0,7777000.0,293270.0,10388190.0,1259230.0,844450.0,849.0,1312.0,33.0,1174.0,1447,1236,211,14.6,934643,15672,24219,finalized,
2026-03,25,23229600.0,14581150.0,8301260.0,347190.0,12398420.0,1375590.0,807140.0,972.0,1568.0,32.0,1396.0,1766,1511,255,14.4,929184,14815,23899,finalized,
2026-04,26,22695610.0,13221270.0,9249800.0,224540.0,10969960.0,1392500.0,858810.0,854.0,1398.0,50.0,1241.0,1587,1347,240,15.1,872908,16234,26576,finalized,
2026-05,24,19111680.0,13450550.0,5457100.0,204030.0,11155220.0,1426540.0,868790.0,879.0,1387.0,40.0,1271.0,1611,1368,243,15.1,796320,13779,21743,finalized,
2026-06,26,20221040.0,14963140.0,5019300.0,238600.0,12864920.0,1513420.0,584800.0,943.0,1506.0,62.0,1371.0,1736,1505,231,13.3,777732,13427,21443,finalized,
2026-07,27,19736600.0,13914580.0,5577000.0,245020.0,12248990.0,1665590.0,0.0,1391.0,1512.0,43.0,1301.0,0,0,0,0.0,730985,13053,14189,provisional_close,介護
