年月,分類コード,表示分類名,売上金額,売上構成比,来院回数,1来院あたり売上,月間総売上,分類方法,close_status
2019-11,subscription,サブスク型,4206612,44.4,438,,9464785,継続管理の保険分＋訪問介護実績,finalized
2019-11,selfpay,自費診療,1803300,19.1,0,,9464785,レセコン自費診療売上,finalized
2019-11,insurance,保険診療,3315008,35.0,0,,9464785,外来保険売上−継続管理の保険分,finalized
2019-11,other,その他,139865,1.5,0,,9464785,レセコン物販売上,finalized
2019-12,subscription,サブスク型,4704743,38.8,482,,12140746,継続管理の保険分＋訪問介護実績,finalized
2019-12,selfpay,自費診療,4532200,37.3,0,,12140746,レセコン自費診療売上,finalized
2019-12,insurance,保険診療,2766387,22.8,0,,12140746,外来保険売上−継続管理の保険分,finalized
2019-12,other,その他,137416,1.1,0,,12140746,レセコン物販売上,finalized
2020-01,subscription,サブスク型,4500028,40.4,464,,11126580,継続管理の保険分＋訪問介護実績,finalized
2020-01,selfpay,自費診療,3680300,33.1,0,,11126580,レセコン自費診療売上,finalized
2020-01,insurance,保険診療,2805502,25.2,0,,11126580,外来保険売上−継続管理の保険分,finalized
2020-01,other,その他,140750,1.3,0,,11126580,レセコン物販売上,finalized
2020-02,subscription,サブスク型,4407251,37.1,452,,11873685,継続管理の保険分＋訪問介護実績,finalized
2020-02,selfpay,自費診療,4118400,34.7,0,,11873685,レセコン自費診療売上,finalized
2020-02,insurance,保険診療,3098999,26.1,0,,11873685,外来保険売上−継続管理の保険分,finalized
2020-02,other,その他,249035,2.1,0,,11873685,レセコン物販売上,finalized
2020-03,subscription,サブスク型,5051280,39.0,510,,12948913,継続管理の保険分＋訪問介護実績,finalized
2020-03,selfpay,自費診療,4425300,34.2,0,,12948913,レセコン自費診療売上,finalized
2020-03,insurance,保険診療,3253210,25.1,0,,12948913,外来保険売上−継続管理の保険分,finalized
2020-03,other,その他,219123,1.7,0,,12948913,レセコン物販売上,finalized
2020-04,subscription,サブスク型,3888653,34.8,383,,11186974,継続管理の保険分＋訪問介護実績,finalized
2020-04,selfpay,自費診療,4046900,36.2,0,,11186974,レセコン自費診療売上,finalized
2020-04,insurance,保険診療,3104897,27.8,0,,11186974,外来保険売上−継続管理の保険分,finalized
2020-04,other,その他,146524,1.3,0,,11186974,レセコン物販売上,finalized
2020-05,subscription,サブスク型,3767251,42.3,349,,8903888,継続管理の保険分＋訪問介護実績,finalized
2020-05,selfpay,自費診療,2736800,30.7,0,,8903888,レセコン自費診療売上,finalized
2020-05,insurance,保険診療,2273509,25.5,0,,8903888,外来保険売上−継続管理の保険分,finalized
2020-05,other,その他,126328,1.4,0,,8903888,レセコン物販売上,finalized
2020-06,subscription,サブスク型,5237277,45.4,529,,11546974,継続管理の保険分＋訪問介護実績,finalized
2020-06,selfpay,自費診療,2677950,23.2,0,,11546974,レセコン自費診療売上,finalized
2020-06,insurance,保険診療,3484973,30.2,0,,11546974,外来保険売上−継続管理の保険分,finalized
2020-06,other,その他,146774,1.3,0,,11546974,レセコン物販売上,finalized
2020-07,subscription,サブスク型,5290916,44.0,513,,12035178,継続管理の保険分＋訪問介護実績,finalized
2020-07,selfpay,自費診療,2814900,23.4,0,,12035178,レセコン自費診療売上,finalized
2020-07,insurance,保険診療,3790974,31.5,0,,12035178,外来保険売上−継続管理の保険分,finalized
2020-07,other,その他,138388,1.1,0,,12035178,レセコン物販売上,finalized
2020-08,subscription,サブスク型,4862785,36.6,473,,13273584,継続管理の保険分＋訪問介護実績,finalized
2020-08,selfpay,自費診療,4778950,36.0,0,,13273584,レセコン自費診療売上,finalized
2020-08,insurance,保険診療,3478545,26.2,0,,13273584,外来保険売上−継続管理の保険分,finalized
2020-08,other,その他,153304,1.2,0,,13273584,レセコン物販売上,finalized
2020-09,subscription,サブスク型,5175341,41.5,501,,12460529,継続管理の保険分＋訪問介護実績,finalized
2020-09,selfpay,自費診療,3704800,29.7,0,,12460529,レセコン自費診療売上,finalized
2020-09,insurance,保険診療,3478069,27.9,0,,12460529,外来保険売上−継続管理の保険分,finalized
2020-09,other,その他,102319,0.8,0,,12460529,レセコン物販売上,finalized
2020-10,subscription,サブスク型,6242796,46.0,618,,13562926,継続管理の保険分＋訪問介護実績,finalized
2020-10,selfpay,自費診療,3052500,22.5,0,,13562926,レセコン自費診療売上,finalized
2020-10,insurance,保険診療,4071424,30.0,0,,13562926,外来保険売上−継続管理の保険分,finalized
2020-10,other,その他,196206,1.4,0,,13562926,レセコン物販売上,finalized
2020-11,subscription,サブスク型,4824517,36.6,497,,13196107,継続管理の保険分＋訪問介護実績,finalized
2020-11,selfpay,自費診療,4379100,33.2,0,,13196107,レセコン自費診療売上,finalized
2020-11,insurance,保険診療,3844683,29.1,0,,13196107,外来保険売上−継続管理の保険分,finalized
2020-11,other,その他,147807,1.1,0,,13196107,レセコン物販売上,finalized
2020-12,subscription,サブスク型,5723259,38.3,581,,14944536,継続管理の保険分＋訪問介護実績,finalized
2020-12,selfpay,自費診療,5179900,34.7,0,,14944536,レセコン自費診療売上,finalized
2020-12,insurance,保険診療,3834161,25.7,0,,14944536,外来保険売上−継続管理の保険分,finalized
2020-12,other,その他,207216,1.4,0,,14944536,レセコン物販売上,finalized
2021-01,subscription,サブスク型,5539016,54.3,540,,10193935,継続管理の保険分＋訪問介護実績,finalized
2021-01,selfpay,自費診療,1124200,11.0,0,,10193935,レセコン自費診療売上,finalized
2021-01,insurance,保険診療,3376174,33.1,0,,10193935,外来保険売上−継続管理の保険分,finalized
2021-01,other,その他,154545,1.5,0,,10193935,レセコン物販売上,finalized
2021-02,subscription,サブスク型,5223200,40.3,535,,12970313,継続管理の保険分＋訪問介護実績,finalized
2021-02,selfpay,自費診療,4176700,32.2,0,,12970313,レセコン自費診療売上,finalized
2021-02,insurance,保険診療,3411930,26.3,0,,12970313,外来保険売上−継続管理の保険分,finalized
2021-02,other,その他,158483,1.2,0,,12970313,レセコン物販売上,finalized
2021-03,subscription,サブスク型,6239001,42.1,614,,14821641,継続管理の保険分＋訪問介護実績,finalized
2021-03,selfpay,自費診療,4450600,30.0,0,,14821641,レセコン自費診療売上,finalized
2021-03,insurance,保険診療,3928089,26.5,0,,14821641,外来保険売上−継続管理の保険分,finalized
2021-03,other,その他,203951,1.4,0,,14821641,レセコン物販売上,finalized
2021-04,subscription,サブスク型,6095961,40.3,594,,15112461,継続管理の保険分＋訪問介護実績,finalized
2021-04,selfpay,自費診療,5010500,33.2,0,,15112461,レセコン自費診療売上,finalized
2021-04,insurance,保険診療,3793199,25.1,0,,15112461,外来保険売上−継続管理の保険分,finalized
2021-04,other,その他,212801,1.4,0,,15112461,レセコン物販売上,finalized
2021-05,subscription,サブスク型,5118295,37.6,498,,13627197,継続管理の保険分＋訪問介護実績,finalized
2021-05,selfpay,自費診療,4947800,36.3,0,,13627197,レセコン自費診療売上,finalized
2021-05,insurance,保険診療,3443205,25.3,0,,13627197,外来保険売上−継続管理の保険分,finalized
2021-05,other,その他,117897,0.9,0,,13627197,レセコン物販売上,finalized
2021-06,subscription,サブスク型,6070380,38.4,611,,15798922,継続管理の保険分＋訪問介護実績,finalized
2021-06,selfpay,自費診療,5426300,34.3,0,,15798922,レセコン自費診療売上,finalized
2021-06,insurance,保険診療,4077680,25.8,0,,15798922,外来保険売上−継続管理の保険分,finalized
2021-06,other,その他,224562,1.4,0,,15798922,レセコン物販売上,finalized
2021-07,subscription,サブスク型,6738589,46.0,623,,14644364,継続管理の保険分＋訪問介護実績,finalized
2021-07,selfpay,自費診療,4065600,27.8,0,,14644364,レセコン自費診療売上,finalized
2021-07,insurance,保険診療,3666571,25.0,0,,14644364,外来保険売上−継続管理の保険分,finalized
2021-07,other,その他,173604,1.2,0,,14644364,レセコン物販売上,finalized
2021-08,subscription,サブスク型,5907936,41.6,532,,14209144,継続管理の保険分＋訪問介護実績,finalized
2021-08,selfpay,自費診療,4692600,33.0,0,,14209144,レセコン自費診療売上,finalized
2021-08,insurance,保険診療,3395724,23.9,0,,14209144,外来保険売上−継続管理の保険分,finalized
2021-08,other,その他,212884,1.5,0,,14209144,レセコン物販売上,finalized
2021-09,subscription,サブスク型,6115549,42.4,566,,14433237,継続管理の保険分＋訪問介護実績,finalized
2021-09,selfpay,自費診療,4090900,28.3,0,,14433237,レセコン自費診療売上,finalized
2021-09,insurance,保険診療,3755231,26.0,0,,14433237,外来保険売上−継続管理の保険分,finalized
2021-09,other,その他,471557,3.3,0,,14433237,レセコン物販売上,finalized
2021-10,subscription,サブスク型,6546080,48.2,592,,13591739,継続管理の保険分＋訪問介護実績,finalized
2021-10,selfpay,自費診療,3069000,22.6,0,,13591739,レセコン自費診療売上,finalized
2021-10,insurance,保険診療,3762050,27.7,0,,13591739,外来保険売上−継続管理の保険分,finalized
2021-10,other,その他,214609,1.6,0,,13591739,レセコン物販売上,finalized
2021-11,subscription,サブスク型,5973697,34.8,528,,17152982,継続管理の保険分＋訪問介護実績,finalized
2021-11,selfpay,自費診療,7451400,43.4,0,,17152982,レセコン自費診療売上,finalized
2021-11,insurance,保険診療,3572183,20.8,0,,17152982,外来保険売上−継続管理の保険分,finalized
2021-11,other,その他,155702,0.9,0,,17152982,レセコン物販売上,finalized
2021-12,subscription,サブスク型,6648884,46.2,623,,14394626,継続管理の保険分＋訪問介護実績,finalized
2021-12,selfpay,自費診療,4115100,28.6,0,,14394626,レセコン自費診療売上,finalized
2021-12,insurance,保険診療,3429216,23.8,0,,14394626,外来保険売上−継続管理の保険分,finalized
2021-12,other,その他,201426,1.4,0,,14394626,レセコン物販売上,finalized
2022-01,subscription,サブスク型,6166236,39.9,552,,15450141,継続管理の保険分＋訪問介護実績,finalized
2022-01,selfpay,自費診療,5850900,37.9,0,,15450141,レセコン自費診療売上,finalized
2022-01,insurance,保険診療,3274084,21.2,0,,15450141,外来保険売上−継続管理の保険分,finalized
2022-01,other,その他,158921,1.0,0,,15450141,レセコン物販売上,finalized
2022-02,subscription,サブスク型,6214477,43.7,542,,14218124,継続管理の保険分＋訪問介護実績,finalized
2022-02,selfpay,自費診療,4859800,34.2,0,,14218124,レセコン自費診療売上,finalized
2022-02,insurance,保険診療,2986633,21.0,0,,14218124,外来保険売上−継続管理の保険分,finalized
2022-02,other,その他,157214,1.1,0,,14218124,レセコン物販売上,finalized
2022-03,subscription,サブスク型,5935241,35.9,544,,16520317,継続管理の保険分＋訪問介護実績,finalized
2022-03,selfpay,自費診療,7360100,44.6,0,,16520317,レセコン自費診療売上,finalized
2022-03,insurance,保険診療,3040579,18.4,0,,16520317,外来保険売上−継続管理の保険分,finalized
2022-03,other,その他,184397,1.1,0,,16520317,レセコン物販売上,finalized
2022-04,subscription,サブスク型,7086699,40.6,601,,17435637,継続管理の保険分＋訪問介護実績,finalized
2022-04,selfpay,自費診療,6493300,37.2,0,,17435637,レセコン自費診療売上,finalized
2022-04,insurance,保険診療,3621291,20.8,0,,17435637,外来保険売上−継続管理の保険分,finalized
2022-04,other,その他,234347,1.3,0,,17435637,レセコン物販売上,finalized
2022-05,subscription,サブスク型,5910626,42.9,501,,13793712,継続管理の保険分＋訪問介護実績,finalized
2022-05,selfpay,自費診療,4406600,31.9,0,,13793712,レセコン自費診療売上,finalized
2022-05,insurance,保険診療,3303814,24.0,0,,13793712,外来保険売上−継続管理の保険分,finalized
2022-05,other,その他,172672,1.3,0,,13793712,レセコン物販売上,finalized
2022-06,subscription,サブスク型,6768707,49.5,590,,13663179,継続管理の保険分＋訪問介護実績,finalized
2022-06,selfpay,自費診療,2926000,21.4,0,,13663179,レセコン自費診療売上,finalized
2022-06,insurance,保険診療,3771803,27.6,0,,13663179,外来保険売上−継続管理の保険分,finalized
2022-06,other,その他,196669,1.4,0,,13663179,レセコン物販売上,finalized
2022-07,subscription,サブスク型,6633077,39.2,577,,16928992,継続管理の保険分＋訪問介護実績,finalized
2022-07,selfpay,自費診療,6169900,36.4,0,,16928992,レセコン自費診療売上,finalized
2022-07,insurance,保険診療,3950733,23.3,0,,16928992,外来保険売上−継続管理の保険分,finalized
2022-07,other,その他,175282,1.0,0,,16928992,レセコン物販売上,finalized
2022-08,subscription,サブスク型,6882612,42.1,591,,16348464,継続管理の保険分＋訪問介護実績,finalized
2022-08,selfpay,自費診療,5611100,34.3,0,,16348464,レセコン自費診療売上,finalized
2022-08,insurance,保険診療,3636418,22.2,0,,16348464,外来保険売上−継続管理の保険分,finalized
2022-08,other,その他,218334,1.3,0,,16348464,レセコン物販売上,finalized
2022-09,subscription,サブスク型,6543956,45.2,568,,14471270,継続管理の保険分＋訪問介護実績,finalized
2022-09,selfpay,自費診療,4383500,30.3,0,,14471270,レセコン自費診療売上,finalized
2022-09,insurance,保険診療,3373284,23.3,0,,14471270,外来保険売上−継続管理の保険分,finalized
2022-09,other,その他,170530,1.2,0,,14471270,レセコン物販売上,finalized
2022-10,subscription,サブスク型,6587129,48.8,580,,13499012,継続管理の保険分＋訪問介護実績,finalized
2022-10,selfpay,自費診療,3143800,23.3,0,,13499012,レセコン自費診療売上,finalized
2022-10,insurance,保険診療,3597641,26.7,0,,13499012,外来保険売上−継続管理の保険分,finalized
2022-10,other,その他,170442,1.3,0,,13499012,レセコン物販売上,finalized
2022-11,subscription,サブスク型,6655181,43.3,580,,15384046,継続管理の保険分＋訪問介護実績,finalized
2022-11,selfpay,自費診療,4873000,31.7,0,,15384046,レセコン自費診療売上,finalized
2022-11,insurance,保険診療,3662379,23.8,0,,15384046,外来保険売上−継続管理の保険分,finalized
2022-11,other,その他,193486,1.3,0,,15384046,レセコン物販売上,finalized
2022-12,subscription,サブスク型,7146225,45.7,617,,15620540,継続管理の保険分＋訪問介護実績,finalized
2022-12,selfpay,自費診療,4952200,31.7,0,,15620540,レセコン自費診療売上,finalized
2022-12,insurance,保険診療,3321425,21.3,0,,15620540,外来保険売上−継続管理の保険分,finalized
2022-12,other,その他,200690,1.3,0,,15620540,レセコン物販売上,finalized
2023-01,subscription,サブスク型,6082178,42.6,545,,14261723,継続管理の保険分＋訪問介護実績,finalized
2023-01,selfpay,自費診療,4469300,31.3,0,,14261723,レセコン自費診療売上,finalized
2023-01,insurance,保険診療,3557012,24.9,0,,14261723,外来保険売上−継続管理の保険分,finalized
2023-01,other,その他,153233,1.1,0,,14261723,レセコン物販売上,finalized
2023-02,subscription,サブスク型,6234375,41.8,554,,14901000,継続管理の保険分＋訪問介護実績,finalized
2023-02,selfpay,自費診療,4937900,33.1,0,,14901000,レセコン自費診療売上,finalized
2023-02,insurance,保険診療,3548355,23.8,0,,14901000,外来保険売上−継続管理の保険分,finalized
2023-02,other,その他,180370,1.2,0,,14901000,レセコン物販売上,finalized
2023-03,subscription,サブスク型,7461174,42.1,633,,17736530,継続管理の保険分＋訪問介護実績,finalized
2023-03,selfpay,自費診療,6530700,36.8,0,,17736530,レセコン自費診療売上,finalized
2023-03,insurance,保険診療,3438156,19.4,0,,17736530,外来保険売上−継続管理の保険分,finalized
2023-03,other,その他,306500,1.7,0,,17736530,レセコン物販売上,finalized
2023-04,subscription,サブスク型,6227234,49.1,520,,12670000,継続管理の保険分＋訪問介護実績,finalized
2023-04,selfpay,自費診療,2901360,22.9,0,,12670000,レセコン自費診療売上,finalized
2023-04,insurance,保険診療,3311496,26.1,0,,12670000,外来保険売上−継続管理の保険分,finalized
2023-04,other,その他,229910,1.8,0,,12670000,レセコン物販売上,finalized
2023-05,subscription,サブスク型,7103904,46.4,567,,15309912,継続管理の保険分＋訪問介護実績,finalized
2023-05,selfpay,自費診療,4262500,27.8,0,,15309912,レセコン自費診療売上,finalized
2023-05,insurance,保険診療,3616536,23.6,0,,15309912,外来保険売上−継続管理の保険分,finalized
2023-05,other,その他,326972,2.1,0,,15309912,レセコン物販売上,finalized
2023-06,subscription,サブスク型,7434717,40.0,622,,18574190,継続管理の保険分＋訪問介護実績,finalized
2023-06,selfpay,自費診療,7485500,40.3,0,,18574190,レセコン自費診療売上,finalized
2023-06,insurance,保険診療,3484973,18.8,0,,18574190,外来保険売上−継続管理の保険分,finalized
2023-06,other,その他,169000,0.9,0,,18574190,レセコン物販売上,finalized
2023-07,subscription,サブスク型,7054392,44.5,598,,15842321,継続管理の保険分＋訪問介護実績,finalized
2023-07,selfpay,自費診療,5012700,31.6,0,,15842321,レセコン自費診療売上,finalized
2023-07,insurance,保険診療,3567798,22.5,0,,15842321,外来保険売上−継続管理の保険分,finalized
2023-07,other,その他,207431,1.3,0,,15842321,レセコン物販売上,finalized
2023-08,subscription,サブスク型,6850272,45.2,596,,15147510,継続管理の保険分＋訪問介護実績,finalized
2023-08,selfpay,自費診療,4923600,32.5,0,,15147510,レセコン自費診療売上,finalized
2023-08,insurance,保険診療,3144608,20.8,0,,15147510,外来保険売上−継続管理の保険分,finalized
2023-08,other,その他,229030,1.5,0,,15147510,レセコン物販売上,finalized
2023-09,subscription,サブスク型,7086144,48.4,570,,14630140,継続管理の保険分＋訪問介護実績,finalized
2023-09,selfpay,自費診療,4266900,29.2,0,,14630140,レセコン自費診療売上,finalized
2023-09,insurance,保険診療,2983456,20.4,0,,14630140,外来保険売上−継続管理の保険分,finalized
2023-09,other,その他,293640,2.0,0,,14630140,レセコン物販売上,finalized
2023-10,subscription,サブスク型,7120801,48.2,583,,14767570,継続管理の保険分＋訪問介護実績,finalized
2023-10,selfpay,自費診療,3787300,25.6,0,,14767570,レセコン自費診療売上,finalized
2023-10,insurance,保険診療,3587339,24.3,0,,14767570,外来保険売上−継続管理の保険分,finalized
2023-10,other,その他,272130,1.8,0,,14767570,レセコン物販売上,finalized
2023-11,subscription,サブスク型,6993167,46.6,567,,14999580,継続管理の保険分＋訪問介護実績,finalized
2023-11,selfpay,自費診療,4022700,26.8,0,,14999580,レセコン自費診療売上,finalized
2023-11,insurance,保険診療,3732853,24.9,0,,14999580,外来保険売上−継続管理の保険分,finalized
2023-11,other,その他,250860,1.7,0,,14999580,レセコン物販売上,finalized
2023-12,subscription,サブスク型,7780714,39.8,636,,19571930,継続管理の保険分＋訪問介護実績,finalized
2023-12,selfpay,自費診療,7910100,40.4,0,,19571930,レセコン自費診療売上,finalized
2023-12,insurance,保険診療,3613766,18.5,0,,19571930,外来保険売上−継続管理の保険分,finalized
2023-12,other,その他,267350,1.4,0,,19571930,レセコン物販売上,finalized
2024-01,subscription,サブスク型,7274763,50.2,595,,14481933,継続管理の保険分＋訪問介護実績,finalized
2024-01,selfpay,自費診療,3741100,25.8,0,,14481933,レセコン自費診療売上,finalized
2024-01,insurance,保険診療,3247367,22.4,0,,14481933,外来保険売上−継続管理の保険分,finalized
2024-01,other,その他,218703,1.5,0,,14481933,レセコン物販売上,finalized
2024-02,subscription,サブスク型,6586776,45.6,558,,14451175,継続管理の保険分＋訪問介護実績,finalized
2024-02,selfpay,自費診療,3616800,25.0,0,,14451175,レセコン自費診療売上,finalized
2024-02,insurance,保険診療,4059114,28.1,0,,14451175,外来保険売上−継続管理の保険分,finalized
2024-02,other,その他,188485,1.3,0,,14451175,レセコン物販売上,finalized
2024-03,subscription,サブスク型,8095731,44.6,677,,18145540,継続管理の保険分＋訪問介護実績,finalized
2024-03,selfpay,自費診療,5402600,29.8,0,,18145540,レセコン自費診療売上,finalized
2024-03,insurance,保険診療,4421359,24.4,0,,18145540,外来保険売上−継続管理の保険分,finalized
2024-03,other,その他,225850,1.2,0,,18145540,レセコン物販売上,finalized
2024-04,subscription,サブスク型,7544378,46.7,653,,16162774,継続管理の保険分＋訪問介護実績,finalized
2024-04,selfpay,自費診療,4757500,29.4,0,,16162774,レセコン自費診療売上,finalized
2024-04,insurance,保険診療,3611252,22.3,0,,16162774,外来保険売上−継続管理の保険分,finalized
2024-04,other,その他,249644,1.5,0,,16162774,レセコン物販売上,finalized
2024-05,subscription,サブスク型,7448887,46.6,631,,15968040,継続管理の保険分＋訪問介護実績,finalized
2024-05,selfpay,自費診療,4581450,28.7,0,,15968040,レセコン自費診療売上,finalized
2024-05,insurance,保険診療,3724423,23.3,0,,15968040,外来保険売上−継続管理の保険分,finalized
2024-05,other,その他,213280,1.3,0,,15968040,レセコン物販売上,finalized
2024-06,subscription,サブスク型,8494343,51.4,721,,16528535,継続管理の保険分＋訪問介護実績,finalized
2024-06,selfpay,自費診療,3568400,21.6,0,,16528535,レセコン自費診療売上,finalized
2024-06,insurance,保険診療,4133567,25.0,0,,16528535,外来保険売上−継続管理の保険分,finalized
2024-06,other,その他,332225,2.0,0,,16528535,レセコン物販売上,finalized
2024-07,subscription,サブスク型,8731680,45.6,728,,19155095,継続管理の保険分＋訪問介護実績,finalized
2024-07,selfpay,自費診療,5500000,28.7,0,,19155095,レセコン自費診療売上,finalized
2024-07,insurance,保険診療,4663020,24.3,0,,19155095,外来保険売上−継続管理の保険分,finalized
2024-07,other,その他,260395,1.4,0,,19155095,レセコン物販売上,finalized
2024-08,subscription,サブスク型,7785214,46.3,619,,16814300,継続管理の保険分＋訪問介護実績,finalized
2024-08,selfpay,自費診療,4576000,27.2,0,,16814300,レセコン自費診療売上,finalized
2024-08,insurance,保険診療,4176966,24.8,0,,16814300,外来保険売上−継続管理の保険分,finalized
2024-08,other,その他,276120,1.6,0,,16814300,レセコン物販売上,finalized
2024-09,subscription,サブスク型,7805906,50.1,618,,15584845,継続管理の保険分＋訪問介護実績,finalized
2024-09,selfpay,自費診療,3549700,22.8,0,,15584845,レセコン自費診療売上,finalized
2024-09,insurance,保険診療,3988174,25.6,0,,15584845,外来保険売上−継続管理の保険分,finalized
2024-09,other,その他,241065,1.5,0,,15584845,レセコン物販売上,finalized
2024-10,subscription,サブスク型,8622793,48.3,673,,17856100,継続管理の保険分＋訪問介護実績,finalized
2024-10,selfpay,自費診療,4009500,22.5,0,,17856100,レセコン自費診療売上,finalized
2024-10,insurance,保険診療,4990067,27.9,0,,17856100,外来保険売上−継続管理の保険分,finalized
2024-10,other,その他,233740,1.3,0,,17856100,レセコン物販売上,finalized
2024-11,subscription,サブスク型,7846414,40.1,628,,19580385,継続管理の保険分＋訪問介護実績,finalized
2024-11,selfpay,自費診療,6808900,34.8,0,,19580385,レセコン自費診療売上,finalized
2024-11,insurance,保険診療,4636416,23.7,0,,19580385,外来保険売上−継続管理の保険分,finalized
2024-11,other,その他,288655,1.5,0,,19580385,レセコン物販売上,finalized
2024-12,subscription,サブスク型,8221686,45.1,637,,18243450,継続管理の保険分＋訪問介護実績,finalized
2024-12,selfpay,自費診療,5154270,28.3,0,,18243450,レセコン自費診療売上,finalized
2024-12,insurance,保険診療,4615614,25.3,0,,18243450,外来保険売上−継続管理の保険分,finalized
2024-12,other,その他,251880,1.4,0,,18243450,レセコン物販売上,finalized
2025-01,subscription,サブスク型,9096062,53.7,635,,16931655,継続管理の保険分＋訪問介護実績,finalized
2025-01,selfpay,自費診療,2904000,17.2,0,,16931655,レセコン自費診療売上,finalized
2025-01,insurance,保険診療,4695988,27.7,0,,16931655,外来保険売上−継続管理の保険分,finalized
2025-01,other,その他,235605,1.4,0,,16931655,レセコン物販売上,finalized
2025-02,subscription,サブスク型,8534761,50.7,579,,16831810,継続管理の保険分＋訪問介護実績,finalized
2025-02,selfpay,自費診療,3423200,20.3,0,,16831810,レセコン自費診療売上,finalized
2025-02,insurance,保険診療,4620679,27.5,0,,16831810,外来保険売上−継続管理の保険分,finalized
2025-02,other,その他,253170,1.5,0,,16831810,レセコン物販売上,finalized
2025-03,subscription,サブスク型,10188843,44.9,739,,22698140,継続管理の保険分＋訪問介護実績,finalized
2025-03,selfpay,自費診療,7493200,33.0,0,,22698140,レセコン自費診療売上,finalized
2025-03,insurance,保険診療,4771987,21.0,0,,22698140,外来保険売上−継続管理の保険分,finalized
2025-03,other,その他,244110,1.1,0,,22698140,レセコン物販売上,finalized
2025-04,subscription,サブスク型,9010462,45.6,627,,19773760,継続管理の保険分＋訪問介護実績,finalized
2025-04,selfpay,自費診療,5459850,27.6,0,,19773760,レセコン自費診療売上,finalized
2025-04,insurance,保険診療,5032098,25.4,0,,19773760,外来保険売上−継続管理の保険分,finalized
2025-04,other,その他,271350,1.4,0,,19773760,レセコン物販売上,finalized
2025-05,subscription,サブスク型,9047264,48.1,643,,18821131,継続管理の保険分＋訪問介護実績,finalized
2025-05,selfpay,自費診療,4934600,26.2,0,,18821131,レセコン自費診療売上,finalized
2025-05,insurance,保険診療,4625316,24.6,0,,18821131,外来保険売上−継続管理の保険分,finalized
2025-05,other,その他,213951,1.1,0,,18821131,レセコン物販売上,finalized
2025-06,subscription,サブスク型,8816722,46.7,644,,18878060,継続管理の保険分＋訪問介護実績,finalized
2025-06,selfpay,自費診療,4944500,26.2,0,,18878060,レセコン自費診療売上,finalized
2025-06,insurance,保険診療,4879918,25.8,0,,18878060,外来保険売上−継続管理の保険分,finalized
2025-06,other,その他,236920,1.3,0,,18878060,レセコン物販売上,finalized
2025-07,subscription,サブスク型,9414652,44.6,653,,21089380,継続管理の保険分＋訪問介護実績,finalized
2025-07,selfpay,自費診療,6416300,30.4,0,,21089380,レセコン自費診療売上,finalized
2025-07,insurance,保険診療,5018288,23.8,0,,21089380,外来保険売上−継続管理の保険分,finalized
2025-07,other,その他,240140,1.1,0,,21089380,レセコン物販売上,finalized
2025-08,subscription,サブスク型,9070079,41.6,646,,21805410,継続管理の保険分＋訪問介護実績,finalized
2025-08,selfpay,自費診療,8131750,37.3,0,,21805410,レセコン自費診療売上,finalized
2025-08,insurance,保険診療,4323811,19.8,0,,21805410,外来保険売上−継続管理の保険分,finalized
2025-08,other,その他,279770,1.3,0,,21805410,レセコン物販売上,finalized
2025-09,subscription,サブスク型,9218511,46.7,610,,19752670,継続管理の保険分＋訪問介護実績,finalized
2025-09,selfpay,自費診療,5869820,29.7,0,,19752670,レセコン自費診療売上,finalized
2025-09,insurance,保険診療,4474999,22.7,0,,19752670,外来保険売上−継続管理の保険分,finalized
2025-09,other,その他,189340,1.0,0,,19752670,レセコン物販売上,finalized
2025-10,subscription,サブスク型,9437301,52.2,678,,18065319,継続管理の保険分＋訪問介護実績,finalized
2025-10,selfpay,自費診療,3319250,18.4,0,,18065319,レセコン自費診療売上,finalized
2025-10,insurance,保険診療,5069949,28.1,0,,18065319,外来保険売上−継続管理の保険分,finalized
2025-10,other,その他,238819,1.3,0,,18065319,レセコン物販売上,finalized
2025-11,subscription,サブスク型,9146835,44.9,613,,20379751,継続管理の保険分＋訪問介護実績,finalized
2025-11,selfpay,自費診療,6252950,30.7,0,,20379751,レセコン自費診療売上,finalized
2025-11,insurance,保険診療,4787555,23.5,0,,20379751,外来保険売上−継続管理の保険分,finalized
2025-11,other,その他,192411,0.9,0,,20379751,レセコン物販売上,finalized
2025-12,subscription,サブスク型,10007036,51.8,686,,19324449,継続管理の保険分＋訪問介護実績,finalized
2025-12,selfpay,自費診療,4144954,21.4,0,,19324449,レセコン自費診療売上,finalized
2025-12,insurance,保険診療,4909044,25.4,0,,19324449,外来保険売上−継続管理の保険分,finalized
2025-12,other,その他,263415,1.4,0,,19324449,レセコン物販売上,finalized
2026-01,subscription,サブスク型,9142528,44.7,659,,20462276,継続管理の保険分＋訪問介護実績,finalized
2026-01,selfpay,自費診療,6145700,30.0,0,,20462276,レセコン自費診療売上,finalized
2026-01,insurance,保険診療,4927282,24.1,0,,20462276,外来保険売上−継続管理の保険分,finalized
2026-01,other,その他,246766,1.2,0,,20462276,レセコン物販売上,finalized
2026-02,subscription,サブスク型,8151897,39.6,572,,20562140,継続管理の保険分＋訪問介護実績,finalized
2026-02,selfpay,自費診療,7777000,37.8,0,,20562140,レセコン自費診療売上,finalized
2026-02,insurance,保険診療,4339973,21.1,0,,20562140,外来保険売上−継続管理の保険分,finalized
2026-02,other,その他,293270,1.4,0,,20562140,レセコン物販売上,finalized
2026-03,subscription,サブスク型,9742223,41.9,718,,23229600,継続管理の保険分＋訪問介護実績,finalized
2026-03,selfpay,自費診療,8301260,35.7,0,,23229600,レセコン自費診療売上,finalized
2026-03,insurance,保険診療,4838927,20.8,0,,23229600,外来保険売上−継続管理の保険分,finalized
2026-03,other,その他,347190,1.5,0,,23229600,レセコン物販売上,finalized
2026-04,subscription,サブスク型,8482460,37.4,596,,22695610,継続管理の保険分＋訪問介護実績,finalized
2026-04,selfpay,自費診療,9249800,40.8,0,,22695610,レセコン自費診療売上,finalized
2026-04,insurance,保険診療,4738810,20.9,0,,22695610,外来保険売上−継続管理の保険分,finalized
2026-04,other,その他,224540,1.0,0,,22695610,レセコン物販売上,finalized
2026-05,subscription,サブスク型,8928464,46.7,652,,19111680,継続管理の保険分＋訪問介護実績,finalized
2026-05,selfpay,自費診療,5457100,28.6,0,,19111680,レセコン自費診療売上,finalized
2026-05,insurance,保険診療,4522086,23.7,0,,19111680,外来保険売上−継続管理の保険分,finalized
2026-05,other,その他,204030,1.1,0,,19111680,レセコン物販売上,finalized
2026-06,subscription,サブスク型,9904717,49.0,706,,20221040,継続管理の保険分＋訪問介護実績,finalized
2026-06,selfpay,自費診療,5019300,24.8,0,,20221040,レセコン自費診療売上,finalized
2026-06,insurance,保険診療,5058423,25.0,0,,20221040,外来保険売上−継続管理の保険分,finalized
2026-06,other,その他,238600,1.2,0,,20221040,レセコン物販売上,finalized
2026-07,subscription,サブスク型,9211060,45.4,0,,20303270,継続管理の保険分＋訪問介護実績,finalized
2026-07,selfpay,自費診療,5577000,27.5,0,,20303270,レセコン自費診療売上,finalized
2026-07,insurance,保険診療,5270190,26.0,0,,20303270,外来保険売上−継続管理の保険分,finalized
2026-07,other,その他,245020,1.2,0,,20303270,レセコン物販売上,finalized
2026-08,subscription,サブスク型,8528389,45.1,0,,18899810,継続管理の保険分＋訪問介護実績,provisional_close
2026-08,selfpay,自費診療,4961000,26.2,0,,18899810,レセコン自費診療売上,provisional_close
2026-08,insurance,保険診療,5116101,27.1,0,,18899810,外来保険売上−継続管理の保険分,provisional_close
2026-08,other,その他,294320,1.6,0,,18899810,レセコン物販売上,provisional_close
